time_s,progress,txns,rate_tps,p50_ms,p90_ms,p99_ms,pmax_ms
0.198,100.000,1000,5049.207,0.817151,1.032703,1.687551,3.188735
