time_s,progress,txns,rate_tps,p50_ms,p90_ms,p99_ms,max_ms
0.199,100.000,1000,5022.098,1.181695,1.635327,3.960831,63.700991
