time_s,progress,txns,rate_tps,p50_ms,p90_ms,p99_ms,max_ms
0.196,100.000,1000,5113.693,0.807423,0.999935,1.784831,3.313663
