time_s,progress,txns,rate_tps,p50_ms,p90_ms,p99_ms,max_ms
0.197,100.000,1000,5087.778,0.800767,1.010687,1.705983,5.939199
