time_s,progress,txns,rate_tps,p50_ms,p90_ms,p99_ms,pmax_ms
0.201,100.000,1000,4964.547,0.821247,1.048575,1.734655,3.080191
